MedInc,HouseAge,AveRooms,AveBedrms,Population,AveOccup,Latitude,Longitude,MedHouseVal
6.0666,10.0,6.526518391787853,0.9730538922155688,7266.0,3.1077844311377247,37.97,-122.27,2.724
4.3594,14.0,5.041095890410959,0.9965753424657534,876.0,3.0,37.52,-122.25,3.66
4.8958,17.0,7.348314606741573,1.0898876404494382,825.0,3.0898876404494384,37.91,-121.7,1.871
2.535,37.0,4.723214285714286,1.1227678571428572,1109.0,2.4754464285714284,37.68,-122.1,1.74
5.3254,32.0,5.786259541984733,1.0330788804071247,982.0,2.4987277353689565,34.29,-119.27,3.852
5.395,34.0,5.45272206303725,0.9828080229226361,928.0,2.659025787965616,33.81,-118.13,2.419
4.4611,21.0,6.2759134973900075,1.0335570469798658,4308.0,3.2125279642058167,34.13,-117.61,1.646
3.9536,26.0,4.987878787878788,1.0703030303030303,2184.0,2.6472727272727274,33.78,-117.95,1.91
2.537,44.0,3.5610098176718092,1.05890603085554,1382.0,1.9382889200561009,37.87,-122.29,1.75
4.0417,23.0,10.639455782312925,2.0272108843537415,339.0,2.306122448979592,38.94,-119.98,0.993
2.6607,22.0,6.508021390374331,1.1978609625668448,537.0,2.871657754010695,39.34,-121.67,0.846
3.5128,23.0,5.177777777777778,0.9506172839506173,911.0,2.2493827160493827,36.74,-119.69,1.216
3.2841,24.0,5.137176938369781,1.0337972166998013,1869.0,3.7157057654075545,34.13,-118.0,1.67
3.1354,26.0,4.394611727416799,1.0792393026941363,1560.0,2.472266244057052,33.96,-118.35,1.643
4.061,27.0,5.074300699300699,1.006993006993007,3106.0,2.715034965034965,33.92,-117.99,2.227
3.1528,21.0,6.104838709677419,1.010752688172043,1145.0,3.077956989247312,36.13,-119.08,1.137
3.5227,38.0,4.584269662921348,1.0292134831460673,1775.0,3.9887640449438204,33.93,-118.13,2.024
2.532,39.0,3.734256926952141,1.022670025188917,2638.0,3.322418136020151,34.04,-118.32,1.727
2.1786,46.0,4.157894736842105,1.0161943319838056,1170.0,2.3684210526315788,35.28,-120.66,2.063
7.4185,35.0,6.518900343642612,0.9587628865979382,733.0,2.5189003436426116,34.13,-118.08,5.00001
5.2539,52.0,4.965337954939342,1.0277296360485269,1029.0,1.783362218370884,37.8,-122.44,5.00001
1.7019,26.0,4.326315789473684,1.2,448.0,4.71578947368421,33.75,-117.87,3.5
3.3929,39.0,4.2740112994350286,1.0310734463276836,1227.0,3.4661016949152543,33.79,-118.27,1.846
3.3125,11.0,5.361736334405145,1.0578778135048232,1963.0,3.1559485530546625,38.69,-121.46,0.968
3.5652,27.0,4.357522123893805,1.008849557522124,1278.0,2.2619469026548673,37.31,-121.95,3.295
2.7545,24.0,3.5313351498637604,1.0463215258855585,850.0,2.316076294277929,33.43,-117.62,2.313
2.1441,22.0,4.193979933110368,1.112876254180602,3222.0,2.6939799331103678,32.61,-117.07,1.355
1.975,30.0,4.808917197452229,1.0870488322717622,1402.0,2.976645435244161,34.65,-120.44,1.34
3.6422,19.0,4.344202898550725,0.9094202898550725,730.0,2.6449275362318843,33.82,-117.96,2.094
5.1624,12.0,7.22040072859745,0.9544626593806922,1707.0,3.109289617486339,33.89,-117.38,2.679
1.9306,22.0,4.176470588235294,1.326797385620915,664.0,4.339869281045751,33.66,-116.17,0.475
2.7797,15.0,5.343520782396088,1.1100244498777505,1842.0,2.251833740831296,38.66,-121.33,1.055
3.0694,37.0,4.232876712328767,1.0582191780821917,966.0,3.308219178082192,34.03,-118.37,1.222
4.3529,38.0,6.1547231270358305,1.0,1495.0,2.4348534201954397,32.77,-117.07,1.84
2.8036,30.0,5.234413965087282,1.0124688279301746,1156.0,2.882793017456359,38.42,-122.72,1.523
4.125,32.0,5.543478260869565,1.0905797101449275,666.0,2.4130434782608696,33.91,-117.91,2.302
6.207,43.0,6.188405797101449,1.0144927536231885,768.0,2.782608695652174,34.18,-118.23,4.574
2.098,21.0,5.110112359550562,1.1123595505617978,1157.0,2.6,38.65,-121.42,0.498
5.4138,2.0,8.930715935334874,1.3233256351039262,1275.0,2.9445727482678983,34.12,-117.17,1.644
3.2578,18.0,5.755154639175258,1.2139175257731958,919.0,2.368556701030928,33.94,-116.47,0.852
5.1615,26.0,6.687037037037037,1.0425925925925925,2089.0,3.8685185185185187,34.43,-119.79,2.762
4.125,35.0,6.317204301075269,1.0268817204301075,568.0,3.053763440860215,33.85,-117.96,1.892
3.3333,29.0,4.104838709677419,0.9475806451612904,684.0,2.7580645161290325,33.86,-118.08,1.988
4.0417,47.0,5.3418803418803416,1.064102564102564,607.0,2.594017094017094,36.98,-122.01,2.653
6.035,5.0,5.431472081218274,1.0659898477157361,990.0,2.512690355329949,37.54,-122.27,4.388
1.9954,30.0,4.751141552511416,1.0410958904109588,1005.0,2.2945205479452055,38.24,-122.04,0.929
3.3008,28.0,3.8535911602209945,1.0994475138121547,1220.0,3.3701657458563536,33.86,-117.89,1.938
1.8485,48.0,4.754385964912281,1.3157894736842106,571.0,5.008771929824562,34.02,-118.24,0.906
4.0294,23.0,6.105747126436782,1.1839080459770115,998.0,2.2942528735632184,33.42,-117.62,5.00001
5.9039,21.0,6.445414847161572,1.0436681222707425,2616.0,2.8558951965065504,37.03,-122.01,3.553
13.499,42.0,8.928358208955224,1.0,1018.0,3.038805970149254,37.82,-122.22,5.00001
3.1858,34.0,6.346153846153846,1.3307692307692307,355.0,2.730769230769231,38.65,-121.38,1.095
6.1183,19.0,7.013274336283186,0.9823008849557522,1344.0,2.9734513274336285,38.66,-121.26,2.216
3.3431,20.0,6.383720930232558,1.172093023255814,1421.0,3.3046511627906976,39.32,-123.11,1.375
1.2434,52.0,4.3619047619047615,1.05,1186.0,2.823809523809524,34.02,-118.31,0.984
5.3678,7.0,7.38625,1.090625,5499.0,3.436875,34.14,-117.58,2.317
2.3833,52.0,4.638132295719845,1.1245136186770428,772.0,3.0038910505836576,37.8,-122.23,1.469
2.4567,18.0,4.379310344827586,0.9673321234119783,1129.0,2.0490018148820326,32.71,-116.96,1.55
3.2059,52.0,3.4479465138490926,1.2282712511938874,1504.0,1.4364851957975167,37.79,-122.41,5.00001
3.0912,40.0,4.396261682242991,1.0018691588785047,1430.0,2.6728971962616823,36.84,-121.4,1.553
1.808,52.0,4.7808564231738035,1.0604534005037782,1102.0,2.7758186397984885,37.85,-122.28,1.055
4.3462,36.0,5.919491525423729,1.1080508474576272,1334.0,2.8262711864406778,34.22,-118.51,2.221
4.4437,16.0,5.9326599326599325,0.9865319865319865,810.0,2.727272727272727,38.37,-122.85,3.05
4.6364,35.0,4.67910447761194,0.9813432835820896,1092.0,4.074626865671642,34.05,-117.96,1.631
5.6276,35.0,6.558241758241758,0.9802197802197802,1435.0,3.1538461538461537,33.83,-117.89,2.008
3.5586,26.0,2.844141069397042,1.0944254835039817,2374.0,2.700796359499431,37.39,-122.01,2.222
5.4834,26.0,6.619834710743802,0.9855371900826446,1411.0,2.915289256198347,37.72,-122.07,2.952
1.7427,32.0,4.757575757575758,1.0171277997364954,2060.0,2.7140974967061924,40.69,-122.36,0.606
1.7636,52.0,5.175637393767706,1.0084985835694051,855.0,2.4220963172804533,36.75,-119.81,0.551
1.6607,52.0,2.3333333333333335,0.8817204301075269,531.0,5.709677419354839,32.71,-117.15,1.375
5.0769,16.0,6.1046099290780145,0.9964539007092199,2130.0,3.776595744680851,34.03,-117.59,1.614
1.0114,45.0,4.29,1.27,510.0,2.55,38.57,-121.5,0.8
1.9821,23.0,4.805763073639274,1.2337246531483457,3264.0,3.4834578441835644,34.06,-117.25,0.93
2.7457,37.0,5.632727272727273,1.0945454545454545,863.0,3.138181818181818,38.16,-122.41,2.547
3.1587,11.0,3.656874265569918,1.045828437132785,1700.0,1.9976498237367804,34.18,-118.31,1.813
5.187,45.0,7.149732620320855,1.0,471.0,2.518716577540107,36.79,-119.8,1.538
2.1694,33.0,4.550695825049702,1.1451292246520874,1100.0,2.1868787276341948,38.61,-121.43,0.957
1.5,12.0,4.176980198019802,1.1695544554455446,2357.0,2.917079207920792,32.71,-117.09,1.063
2.7019,33.0,4.03150912106136,1.086235489220564,1854.0,3.074626865671642,37.67,-122.09,1.54
10.1531,2.0,9.90632911392405,1.130379746835443,2985.0,3.778481012658228,33.64,-117.62,4.841
3.3878,31.0,5.573281452658884,1.0220492866407263,2083.0,2.701686121919585,38.49,-121.44,1.093
4.6463,22.0,5.3963636363636365,1.0454545454545454,5600.0,2.5454545454545454,38.1,-122.58,2.763
2.395,35.0,6.703333333333333,1.1633333333333333,970.0,3.2333333333333334,36.25,-119.69,0.941
3.2546,32.0,5.041121495327102,0.9887850467289719,1417.0,2.6485981308411213,38.79,-123.01,1.341
3.0259,26.0,3.897277227722772,1.0297029702970297,1320.0,1.6336633663366336,32.74,-117.15,2.117
2.2625,17.0,4.9800399201596806,1.0459081836327346,1292.0,2.5788423153692617,35.11,-120.6,1.53
2.3669,50.0,3.994891443167305,1.053639846743295,2535.0,3.2375478927203063,34.29,-119.3,1.653
4.4712,20.0,3.4289340101522843,0.9441624365482234,1427.0,3.6218274111675126,37.44,-121.88,1.44
5.1391,9.0,6.3099337748344375,1.080794701986755,2077.0,2.750993377483444,38.27,-122.65,2.345
5.2803,35.0,4.710982658959537,1.0269749518304432,1187.0,2.2870905587668595,37.42,-122.12,3.621
5.9175,38.0,6.253012048192771,1.0873493975903614,988.0,2.9759036144578315,34.11,-118.03,4.169
6.2306,22.0,5.749478079331942,0.9958246346555324,1163.0,2.4279749478079333,37.59,-122.4,5.00001
2.2054,47.0,5.271293375394322,1.22397476340694,895.0,2.823343848580442,34.0,-118.33,1.215
2.1458,22.0,3.0782608695652174,1.0521739130434782,530.0,4.608695652173913,36.72,-119.78,0.344
6.4232,7.0,6.707512764405544,1.0145878920495988,8276.0,3.0182348650619986,38.08,-122.17,2.292
7.2392,31.0,7.281889763779527,0.9826771653543307,1852.0,2.916535433070866,33.77,-117.81,3.346
3.6094,42.0,4.900990099009901,0.9570957095709571,971.0,3.2046204620462047,37.95,-122.35,1.146
2.1985,17.0,5.154205607476635,1.1168224299065421,1140.0,2.663551401869159,38.9,-123.69,0.953
3.275,32.0,5.5767790262172285,1.146067415730337,774.0,2.898876404494382,34.58,-118.1,1.035
4.8105,23.0,6.17769130998703,1.0739299610894941,2198.0,2.8508430609597926,34.42,-119.28,3.13
4.0536,46.0,5.889830508474576,0.9774011299435028,748.0,2.1129943502824857,37.91,-122.29,2.62
4.2644,46.0,4.756410256410256,1.0256410256410255,1272.0,2.717948717948718,37.76,-122.5,2.841
2.6875,16.0,5.022900763358779,1.047328244274809,1497.0,2.285496183206107,35.1,-120.6,1.782
1.5909,24.0,7.329787234042553,1.446808510638298,532.0,2.8297872340425534,33.09,-116.66,2.219
0.6991,26.0,2.669021190716448,1.014127144298688,1660.0,1.6750756811301715,36.72,-119.73,0.895
3.8846,19.0,5.659574468085107,1.0460992907801419,1201.0,4.25886524822695,33.66,-116.21,1.009
3.3846,15.0,2.930327868852459,0.8770491803278688,1394.0,5.713114754098361,33.74,-117.91,1.625
3.2011,48.0,4.941463414634146,0.9463414634146341,464.0,2.2634146341463413,37.78,-122.45,4.283
4.7813,30.0,5.95249406175772,0.9358669833729216,1255.0,2.980997624703088,33.94,-117.92,1.982
3.125,52.0,5.252918287937743,1.0350194552529184,490.0,1.906614785992218,38.06,-122.23,1.711
2.355,42.0,4.620352250489237,1.0019569471624266,1684.0,3.295499021526419,37.31,-120.48,0.756
3.4083,36.0,5.43298969072165,0.9896907216494846,832.0,2.859106529209622,38.53,-121.42,0.718
3.6354,22.0,4.235294117647059,1.0349761526232115,1553.0,2.4689984101748808,34.17,-118.28,2.563
2.4884,43.0,4.202321724709784,0.9817578772802653,2448.0,4.059701492537314,36.68,-121.62,1.305
2.6397,23.0,4.098550724637681,1.0579710144927537,889.0,2.5768115942028986,34.39,-119.52,2.5
2.6101,27.0,3.9214195183776934,1.097591888466413,1364.0,1.7287705956907478,37.71,-122.14,1.817
3.4519,36.0,4.463302752293578,1.0137614678899083,1086.0,4.981651376146789,34.26,-118.42,1.433
5.4051,27.0,5.747553816046967,0.9726027397260274,1454.0,2.8454011741682974,37.27,-121.99,2.735
2.9432,49.0,6.029315960912052,1.1596091205211727,849.0,2.765472312703583,38.1,-122.24,1.035
5.0653,35.0,5.602836879432624,0.9432624113475178,926.0,3.2836879432624113,33.93,-118.31,1.58
1.7292,19.0,4.5,1.1818181818181819,51.0,2.3181818181818183,36.95,-117.9,1.375
4.0781,30.0,5.685258964143427,1.2390438247011952,686.0,2.733067729083665,37.12,-122.04,1.545
4.5033,21.0,5.258097165991903,1.0323886639676114,2539.0,2.5698380566801617,33.89,-117.99,1.605
3.45,52.0,5.573913043478261,1.1391304347826088,910.0,2.63768115942029,38.23,-122.65,2.006
6.4517,23.0,7.176470588235294,1.2058823529411764,670.0,2.8151260504201683,37.1,-121.9,3.566
2.15,15.0,4.060975609756097,0.926829268292683,247.0,1.5060975609756098,32.8,-117.09,1.313
2.3812,21.0,3.725,1.075,686.0,1.715,33.88,-118.31,2.375
6.2748,22.0,7.054054054054054,0.9980694980694981,1565.0,3.0212355212355213,34.22,-118.88,2.748
3.2177,28.0,3.8784235136940546,1.070808283233133,2563.0,1.7120908483633934,37.81,-122.25,2.734
4.5714,26.0,5.044444444444444,0.8222222222222222,735.0,2.3333333333333335,33.81,-117.94,2.432
4.5744,52.0,5.429245283018868,1.0778301886792452,1154.0,2.7216981132075473,37.74,-122.49,3.152
6.0274,36.0,6.2075471698113205,1.0269541778975741,862.0,2.3234501347708894,37.75,-122.45,3.49
6.7123,26.0,6.6767676767676765,1.0134680134680134,924.0,3.111111111111111,37.3,-122.02,3.546
1.8816,33.0,7.871794871794871,1.8241758241758241,631.0,2.311355311355311,41.06,-122.34,0.658
3.6696,40.0,5.230769230769231,1.0796703296703296,1183.0,3.25,34.1,-118.09,2.104
3.5,33.0,5.172535211267606,1.0140845070422535,1516.0,2.6690140845070425,36.62,-121.83,1.624
8.2435,27.0,6.656652360515022,1.090128755364807,816.0,3.5021459227467813,34.14,-118.16,5.00001
2.7375,42.0,5.137560975609756,1.1385365853658536,3124.0,3.0478048780487805,38.12,-122.27,1.2
2.913,31.0,4.560669456066946,1.0502092050209204,955.0,3.99581589958159,34.04,-118.33,1.925
3.0625,34.0,3.2142857142857144,0.7857142857142857,39.0,2.7857142857142856,34.08,-117.08,5.00001
2.6573,29.0,3.4511278195488724,1.0776942355889725,969.0,2.4285714285714284,37.31,-121.93,2.528
5.6454,52.0,5.086142322097379,1.0187265917602997,574.0,2.149812734082397,34.04,-118.42,5.00001
2.725,23.0,5.633738601823708,1.168693009118541,1938.0,2.945288753799392,34.01,-117.35,0.953
2.6368,25.0,3.662534435261708,1.0537190082644627,2629.0,3.621212121212121,33.82,-118.3,1.759
0.7075,35.0,3.2908496732026142,1.1062091503267975,1714.0,2.8006535947712417,34.11,-117.29,0.788
4.4615,20.0,4.357005758157389,0.9558541266794626,1070.0,2.053742802303263,33.83,-118.38,3.848
1.8438,45.0,4.9963503649635035,1.281021897810219,1046.0,3.8175182481751824,34.12,-117.29,0.721
2.5166,52.0,2.8390750353940537,1.1840490797546013,3436.0,1.6215195847097688,37.79,-122.41,2.75
7.4787,33.0,6.7910135841170325,1.0428422152560084,2694.0,2.8150470219435735,37.5,-122.28,4.313
5.2049,37.0,5.090196078431372,0.9490196078431372,750.0,2.9411764705882355,34.12,-118.22,2.408
5.1583,8.0,4.83743842364532,1.0172413793103448,913.0,2.248768472906404,33.68,-117.81,1.922
5.4719,38.0,5.890080428954423,0.9571045576407506,1228.0,3.292225201072386,37.52,-122.28,3.979
4.5743,28.0,4.881230116648992,1.0530222693531284,2191.0,2.323435843054083,33.93,-118.42,3.822
2.9097,31.0,4.263852242744063,0.9815303430079155,739.0,1.949868073878628,37.72,-122.15,2.109
4.6141,4.0,4.798029556650246,1.1428571428571428,428.0,2.1083743842364533,33.71,-117.78,1.954
3.2097,15.0,12.384615384615385,2.480769230769231,137.0,2.6346153846153846,33.82,-114.98,0.713
2.375,20.0,5.818639798488665,1.3123425692695214,1745.0,2.197732997481108,39.17,-123.73,1.588
3.0199,20.0,5.212922173274596,1.080763582966226,2229.0,3.2731277533039647,34.08,-117.61,1.288
1.4125,52.0,4.381443298969073,1.2268041237113403,380.0,3.917525773195876,35.37,-118.97,0.425
4.0742,46.0,5.305439330543933,1.00418410041841,661.0,2.7656903765690375,34.17,-118.36,2.291
2.7679,18.0,6.1354466858789625,1.0461095100864553,815.0,2.3487031700288186,38.56,-121.37,1.18
2.4605,43.0,4.082228116710875,1.023872679045093,1122.0,2.976127320954907,34.01,-118.11,1.96
7.2758,52.0,6.028708133971292,0.9665071770334929,555.0,2.6555023923444976,32.74,-117.22,3.452
10.3894,32.0,7.320833333333334,0.9854166666666667,1583.0,3.2979166666666666,37.4,-122.12,5.00001
3.0982,18.0,4.7700258397932815,1.082687338501292,1581.0,4.0852713178294575,33.21,-117.24,1.113
1.972,13.0,4.838235294117647,1.0441176470588236,1276.0,3.127450980392157,33.71,-117.09,0.905
7.5,35.0,6.282296650717703,0.9282296650717703,599.0,2.8660287081339715,34.06,-117.9,2.872
1.2857,39.0,4.031496062992126,1.0393700787401574,443.0,3.4881889763779528,37.61,-120.99,0.6
1.2778,42.0,3.4615384615384617,1.1497975708502024,890.0,3.603238866396761,34.0,-118.28,1.125
9.1569,22.0,7.252669039145908,0.9252669039145908,773.0,2.7508896797153026,37.28,-122.01,5.00001
2.4444,36.0,6.154121863799283,1.2473118279569892,1054.0,3.7777777777777777,34.16,-117.35,0.734
6.884,50.0,7.1035598705501615,1.087378640776699,878.0,2.841423948220065,34.18,-118.28,3.656
6.5146,18.0,6.712195121951219,1.0975609756097562,670.0,3.268292682926829,34.22,-118.63,2.776
2.7452,33.0,4.9564270152505445,1.0217864923747277,1691.0,3.684095860566449,33.96,-117.42,0.981
4.725,23.0,6.442260442260443,1.0933660933660934,1103.0,2.71007371007371,33.7,-117.96,2.896
2.875,22.0,16.883561643835616,3.691780821917808,381.0,2.6095890410958904,39.06,-120.13,0.875
10.5575,32.0,7.344,1.0275555555555556,2712.0,2.4106666666666667,34.13,-118.4,5.00001
4.35,21.0,5.93687707641196,0.9667774086378738,988.0,3.2823920265780733,38.47,-121.43,0.962
3.725,52.0,5.65625,0.9618055555555556,819.0,2.84375,33.97,-118.31,1.426
4.0333,32.0,5.495176848874598,1.0643086816720257,2003.0,3.220257234726688,34.06,-117.94,2.102
4.9769,14.0,5.389048991354467,1.0028818443804035,1214.0,3.4985590778097984,37.3,-121.81,1.865
4.7944,3.0,7.497267759562842,1.169398907103825,1223.0,3.341530054644809,33.61,-117.16,2.153
3.5352,17.0,6.228540772532189,1.1770386266094421,1919.0,2.0590128755364807,35.14,-120.7,3.578
4.7361,22.0,6.08021978021978,1.0362637362637364,2474.0,2.718681318681319,37.7,-121.8,2.168
8.163,10.0,6.0,1.0,128.0,2.098360655737705,33.49,-117.67,2.5
2.8393,26.0,3.696969696969697,1.0649350649350648,396.0,1.7142857142857142,37.58,-122.35,3.75
4.4211,41.0,5.656903765690377,1.1652719665271967,1047.0,2.190376569037657,34.01,-118.47,4.629
5.5335,21.0,6.113924050632911,1.0886075949367089,417.0,2.6392405063291138,33.88,-118.37,3.426
7.8705,52.0,8.096774193548388,1.118279569892473,547.0,2.9408602150537635,34.03,-118.5,5.00001
2.125,41.0,4.782608695652174,1.1014492753623188,776.0,3.748792270531401,33.89,-118.22,1.202
7.0326,10.0,6.670967741935484,0.9870967741935484,478.0,3.0838709677419356,38.37,-121.13,2.411
3.775,14.0,5.519572953736655,1.0569395017793595,785.0,2.793594306049822,38.1,-121.29,1.633
3.6712,30.0,3.6599825632083696,1.084568439407149,2678.0,2.334786399302528,37.46,-122.15,3.086
2.1574,35.0,4.7297650130548305,1.097911227154047,2721.0,3.552219321148825,33.92,-117.28,0.869
6.5044,33.0,6.767241379310345,1.0043103448275863,1214.0,2.6163793103448274,34.01,-118.36,3.504
7.0712,24.0,7.589506172839506,0.9783950617283951,916.0,2.8271604938271606,37.77,-122.13,2.93
2.8438,36.0,4.377431906614786,1.1089494163424125,966.0,3.7587548638132295,33.87,-117.92,1.625
1.3729,15.0,3.6039488966318234,1.1207897793263646,3061.0,3.5551684088269453,37.99,-121.31,1.103
2.5903,28.0,3.4643962848297214,1.0340557275541795,739.0,2.2879256965944275,34.15,-118.13,1.25
6.2236,32.0,6.488789237668161,0.9573991031390134,1151.0,2.5807174887892375,34.16,-117.27,1.597
2.9038,43.0,5.673417721518987,1.129113924050633,932.0,2.359493670886076,40.78,-124.16,0.82
3.25,52.0,3.6810344827586206,0.7931034482758621,233.0,2.0086206896551726,34.02,-118.35,1.347
2.9883,41.0,4.538314176245211,1.0421455938697317,1252.0,2.3984674329501914,34.05,-118.37,2.961
2.1702,27.0,5.008196721311475,1.1098360655737705,1407.0,2.3065573770491805,35.12,-120.59,1.797
3.11,40.0,5.368085106382979,1.0382978723404255,976.0,2.076595744680851,32.76,-117.02,1.857
3.2639,31.0,3.8903654485049834,1.0166112956810631,1690.0,5.614617940199335,33.73,-117.9,1.552
2.7721,26.0,2.8418367346938775,0.7806122448979592,455.0,2.3214285714285716,34.06,-118.01,1.554
2.7212,40.0,4.691312384473198,1.0425138632162663,2170.0,4.011090573012939,33.89,-118.2,1.079
1.925,41.0,4.012422360248447,1.0372670807453417,1150.0,3.5714285714285716,34.03,-118.2,1.352
1.7813,34.0,3.762376237623762,1.0841584158415842,968.0,4.792079207920792,34.02,-118.17,1.45
2.8125,42.0,4.402985074626866,0.9589552238805971,877.0,3.2723880597014925,37.77,-122.18,0.973
2.2765,30.0,4.021645021645021,1.028860028860029,2647.0,3.8196248196248197,34.07,-117.64,0.981
4.9286,24.0,5.781065088757397,0.8698224852071006,454.0,2.6863905325443787,32.74,-116.98,1.737
3.209,14.0,7.239942528735632,1.9727011494252873,1298.0,1.8649425287356323,33.14,-117.38,3.133
5.5291,52.0,5.937984496124031,1.049095607235142,1203.0,3.108527131782946,34.14,-118.22,2.746
2.5234,37.0,4.101167315175097,0.9299610894941635,879.0,3.4202334630350193,36.58,-119.44,0.635
6.8145,9.0,9.263598326359833,1.0711297071129706,848.0,3.5481171548117154,37.95,-122.0,3.392
6.8268,34.0,6.797665369649805,0.9727626459143969,662.0,2.575875486381323,37.36,-122.06,5.00001
2.6973,31.0,5.129985228951256,1.0664697193500738,2098.0,3.098966026587888,32.74,-117.01,1.352
5.3773,27.0,5.836330935251799,1.0881294964028776,1572.0,2.827338129496403,33.84,-118.37,3.79
1.0208,25.0,3.5,0.9230769230769231,71.0,1.3653846153846154,38.38,-121.94,0.786
3.8177,21.0,5.140142517814727,1.1401425178147269,1164.0,2.7648456057007125,32.96,-115.56,1.072
5.0764,24.0,5.4550691244239635,1.1002304147465438,2600.0,2.9953917050691246,33.82,-117.94,2.286
4.4896,35.0,5.540425531914893,1.053191489361702,1465.0,3.117021276595745,33.9,-118.11,1.846
6.6354,41.0,6.3893280632411065,1.0671936758893281,1251.0,2.472332015810277,37.45,-122.13,5.00001
4.6488,16.0,6.350847457627118,0.9932203389830508,1817.0,3.0796610169491525,38.7,-121.27,1.453
2.7841,48.0,5.507537688442211,1.0954773869346734,657.0,3.301507537688442,39.03,-121.91,0.658
5.3873,18.0,4.958659217877095,1.0491620111731843,1901.0,2.124022346368715,37.34,-121.96,2.883
2.8958,17.0,4.392905866302865,0.9768076398362893,1381.0,1.884038199181446,34.18,-118.91,1.76
1.6034,30.0,3.8519269776876266,1.1075050709939147,1620.0,3.286004056795132,32.75,-117.09,0.844
5.5347,29.0,4.23956043956044,1.1494505494505494,686.0,1.5076923076923077,33.9,-118.42,5.00001
5.5941,44.0,6.383333333333334,1.0777777777777777,849.0,2.3583333333333334,33.97,-118.41,3.635
2.9386,23.0,3.815136476426799,1.066997518610422,1584.0,1.965260545905707,33.74,-118.3,2.605
3.5746,52.0,3.9454297407912686,1.024556616643929,1785.0,2.4351978171896316,37.8,-122.41,3.5
1.2625,40.0,4.6124401913875595,1.1004784688995215,742.0,3.550239234449761,37.95,-121.32,0.43
3.9333,37.0,4.357558139534884,0.8372093023255814,1237.0,3.5959302325581395,33.91,-118.17,1.623
3.0306,19.0,4.061166429587482,1.0120910384068278,4163.0,2.960881934566145,33.15,-117.34,1.785
3.1403,30.0,3.5417558886509637,0.9293361884368309,1843.0,3.9464668094218416,33.74,-117.93,1.53
4.9434,17.0,3.9544334975369457,1.043103448275862,1553.0,1.9125615763546797,37.56,-122.27,2.921
1.7228,36.0,4.962264150943396,1.0424528301886793,712.0,3.358490566037736,37.79,-121.22,1.05
5.7843,5.0,5.923990498812351,0.9833729216152018,1416.0,3.3634204275534443,32.78,-115.58,1.101
3.7156,15.0,4.420634920634921,1.0222222222222221,1798.0,2.853968253968254,32.9,-117.13,1.752
4.233,34.0,4.9943609022556394,0.9680451127819549,1948.0,3.661654135338346,34.32,-118.43,1.574
2.1518,16.0,4.896551724137931,1.0689655172413792,307.0,2.646551724137931,37.67,-120.99,1.074
2.0564,38.0,4.904,1.0528,1441.0,2.3056,36.77,-119.77,0.647
8.2831,22.0,7.058988764044944,1.0449438202247192,6897.0,2.7676565008025684,33.75,-118.42,5.00001
5.152,26.0,6.209302325581396,1.041860465116279,742.0,3.4511627906976745,32.6,-117.03,1.434
4.9537,52.0,6.504409171075838,1.128747795414462,1605.0,2.8306878306878307,37.74,-122.47,3.656
5.6454,33.0,5.642297650130549,1.0,1235.0,3.224543080939948,33.9,-117.99,2.028
4.9844,52.0,4.541666666666667,0.8333333333333334,86.0,3.5833333333333335,34.08,-118.24,1.875
4.2143,22.0,6.425233644859813,1.0116822429906542,1161.0,2.7126168224299065,38.84,-121.14,2.365
3.775,47.0,5.419117647058823,0.9264705882352942,370.0,2.7205882352941178,37.7,-122.47,2.813
2.2746,24.0,2.9361207897793262,1.099883855981417,2437.0,2.8304297328687573,37.49,-122.21,2.25
2.5208,41.0,5.569672131147541,1.0819672131147542,786.0,3.221311475409836,34.08,-117.32,0.855
2.7292,32.0,3.722488038277512,1.0861244019138756,933.0,4.464114832535885,33.9,-118.18,1.438
5.9449,18.0,6.45979020979021,1.0524475524475525,1779.0,3.11013986013986,33.71,-117.94,2.765
2.1591,52.0,6.122137404580153,1.2213740458015268,564.0,4.305343511450381,34.06,-117.32,0.635
1.8993,17.0,4.699367088607595,1.0917721518987342,823.0,2.6044303797468356,40.95,-124.1,0.784
3.8698,19.0,4.386243386243386,1.1296296296296295,648.0,1.7142857142857142,33.97,-118.46,5.00001
2.4741,8.0,3.447460595446585,1.2294220665499125,2691.0,2.3563922942206657,33.91,-118.34,1.857
5.6732,43.0,5.907090464547677,1.1100244498777505,1028.0,2.513447432762836,33.96,-118.4,3.307
4.0882,52.0,4.312629399585921,1.0165631469979297,1224.0,2.5341614906832297,37.79,-122.44,4.688
3.2125,19.0,5.2075471698113205,1.2169811320754718,314.0,2.9622641509433962,34.68,-118.27,1.854
3.6987,42.0,5.296943231441048,1.1746724890829694,628.0,2.7423580786026203,33.87,-118.19,1.521
2.6083,27.0,3.5095320623916813,0.9792027729636048,2189.0,3.7937608318890814,34.06,-118.18,1.486
2.1458,29.0,5.848484848484849,1.1717171717171717,218.0,2.202020202020202,36.18,-120.43,1.042
5.7398,42.0,6.2823529411764705,1.0274509803921568,705.0,2.764705882352941,37.61,-122.41,3.364
2.0987,52.0,3.211798839458414,1.0783365570599612,1576.0,1.5241779497098646,37.8,-122.42,4.583
7.3644,16.0,7.025134649910234,1.014362657091562,1752.0,3.1454219030520645,37.54,-122.27,4.197
3.1641,21.0,4.833333333333333,1.1067146282973621,2558.0,3.067146282973621,34.05,-117.82,1.173
6.8901,46.0,5.12639405204461,0.8884758364312267,688.0,2.557620817843866,34.01,-118.46,5.00001
3.925,18.0,4.90017825311943,1.1283422459893049,1779.0,3.171122994652406,37.28,-121.84,1.661
4.0662,52.0,5.578125,1.046875,440.0,2.2916666666666665,37.74,-122.14,2.042
5.0424,45.0,5.540350877192982,0.9754385964912281,687.0,2.4105263157894736,33.83,-118.12,2.259
5.8195,25.0,6.585513078470825,0.9617706237424547,1645.0,3.3098591549295775,33.71,-117.97,2.861
7.1497,21.0,6.755244755244755,0.9300699300699301,860.0,3.006993006993007,33.61,-117.66,2.74
1.4024,26.0,4.332236842105263,1.230263157894737,1025.0,3.3717105263157894,35.38,-118.99,0.51
4.0125,37.0,5.738589211618257,1.0746887966804979,808.0,3.3526970954356847,37.61,-122.03,1.614
2.4044,34.0,5.478632478632479,1.0797720797720798,1101.0,3.1367521367521367,35.5,-119.28,0.658
6.2007,4.0,5.769570011025358,1.2227122381477398,1690.0,1.8632855567805953,37.53,-122.26,3.118
2.5729,39.0,3.3664921465968587,0.9738219895287958,821.0,4.298429319371728,33.96,-118.24,0.973
3.3869,30.0,5.135384615384615,0.9661538461538461,837.0,2.5753846153846154,36.55,-119.39,0.804
5.565,17.0,7.577142857142857,0.9771428571428571,1199.0,3.4257142857142857,38.22,-122.63,2.671
3.0755,32.0,4.623067776456599,0.9833531510107015,3868.0,4.599286563614744,32.77,-117.06,1.668
8.0082,16.0,7.790528233151184,1.029143897996357,1642.0,2.9908925318761383,33.57,-117.66,2.866
2.5089,52.0,4.989730423620026,1.030808729139923,1768.0,2.269576379974326,37.65,-121.0,1.19
4.2813,52.0,6.8578947368421055,1.1210526315789473,883.0,2.3236842105263156,32.76,-117.1,2.708
3.1467,41.0,4.882352941176471,1.0448179271708684,780.0,2.1848739495798317,38.45,-122.72,1.755
2.7546,40.0,3.4215938303341904,0.961439588688946,1276.0,3.2802056555269923,37.32,-121.88,1.725
5.6407,34.0,6.065972222222222,0.9670138888888888,1861.0,3.2309027777777777,34.21,-118.61,2.515
4.7098,52.0,5.955555555555556,1.094949494949495,1363.0,2.7535353535353537,34.17,-118.12,2.879
5.2166,17.0,5.078073089700997,1.0066445182724253,2030.0,3.372093023255814,37.28,-121.83,2.309
6.1359,52.0,8.275862068965518,1.5172413793103448,6675.0,230.17241379310346,38.69,-121.15,2.25
4.5824,15.0,4.43542757417103,1.057591623036649,2420.0,2.1116928446771377,37.9,-122.3,2.561
13.2986,17.0,7.2995283018867925,1.0424528301886793,1173.0,2.766509433962264,37.35,-122.2,5.00001
2.5938,39.0,5.788079470198675,1.0894039735099337,831.0,2.751655629139073,37.66,-120.99,1.356
2.96,19.0,5.0701754385964914,1.067251461988304,866.0,2.5321637426900585,40.95,-124.11,0.817
6.0102,12.0,5.219765929778934,1.1287386215864759,1605.0,2.0871261378413526,33.71,-118.04,3.969
5.3478,8.0,6.210344827586207,0.9431034482758621,1959.0,3.377586206896552,36.83,-119.73,1.388
2.4063,35.0,4.977987421383648,1.069182389937107,933.0,2.9339622641509435,32.97,-115.53,0.707
5.7778,41.0,5.274398868458275,1.0466760961810466,1364.0,1.9292786421499293,34.1,-118.27,4.127
3.9773,33.0,4.716627634660422,0.9601873536299765,1354.0,3.17096018735363,37.98,-122.34,1.313
3.2077,9.0,5.896551724137931,1.0501567398119123,3166.0,3.3082549634273772,34.42,-117.27,0.933
5.6344,24.0,5.276053215077606,1.0210643015521064,3188.0,3.5343680709534366,37.41,-121.9,2.287
3.5189,17.0,5.498201438848921,1.0377697841726619,1497.0,2.6924460431654675,40.55,-122.06,1.01
4.2614,16.0,5.529262086513995,1.015267175572519,1460.0,3.7150127226463106,32.92,-117.13,1.696
5.1741,16.0,5.80327868852459,1.0204918032786885,636.0,2.6065573770491803,33.7,-117.79,2.277
2.619,44.0,3.30142566191446,0.9205702647657841,1354.0,2.7576374745417516,37.79,-122.2,1.347
3.9741,28.0,5.082585278276481,0.9910233393177738,2330.0,4.1831238779174145,34.08,-117.96,1.731
3.267,23.0,3.860557768924303,1.1474103585657371,670.0,2.6693227091633465,33.92,-118.33,1.854
4.2813,17.0,6.463414634146342,1.008130081300813,1118.0,3.029810298102981,33.13,-117.05,1.699
4.85,7.0,6.278894472361809,1.0552763819095476,1314.0,3.301507537688442,33.25,-117.32,1.869
5.0818,35.0,5.188405797101449,0.9681159420289855,1277.0,3.701449275362319,34.22,-118.39,1.868
4.6477,15.0,7.434615384615385,1.0769230769230769,965.0,3.7115384615384617,38.04,-121.33,1.427
2.2292,45.0,4.773684210526316,0.9263157894736842,463.0,2.4368421052631577,38.79,-121.23,0.92
3.6406,39.0,3.9328859060402683,0.9753914988814317,892.0,1.9955257270693512,34.11,-118.17,2.789
4.2564,25.0,5.592105263157895,1.0855263157894737,4528.0,4.2556390977443606,33.79,-117.81,2.046
3.108,44.0,4.202,0.992,1038.0,2.076,33.78,-118.14,2.179
3.5114,52.0,6.372759856630824,1.146953405017921,795.0,2.849462365591398,33.97,-118.32,1.388
6.9612,24.0,8.307053941908714,1.049792531120332,820.0,3.4024896265560165,33.89,-117.86,2.745
2.006,37.0,3.769230769230769,1.023076923076923,1579.0,4.0487179487179485,34.04,-118.3,1.5
4.025,52.0,5.708333333333333,1.0833333333333333,65.0,2.7083333333333335,34.08,-118.24,1.375
2.8393,35.0,4.30188679245283,1.0125786163522013,381.0,2.3962264150943398,34.0,-118.41,2.72
6.195,26.0,6.324817518248175,0.9671532846715328,796.0,2.9051094890510947,37.92,-122.08,2.649
1.625,52.0,3.8380952380952382,1.1142857142857143,361.0,3.4380952380952383,34.14,-118.15,1.875
4.0848,8.0,6.350393700787402,1.0918635170603674,1977.0,2.594488188976378,39.13,-121.07,1.559
10.1122,2.0,8.78665496049166,1.2756804214223003,3550.0,3.1167690956979808,33.57,-117.68,5.00001
3.0284,25.0,4.240802675585284,0.9431438127090301,991.0,3.31438127090301,32.57,-117.06,1.236
6.5669,43.0,5.055276381909548,1.0100502512562815,520.0,2.613065326633166,34.03,-118.4,3.728
0.4999,15.0,11.596491228070175,2.56140350877193,131.0,2.2982456140350878,40.43,-123.32,0.567
1.7217,16.0,3.8107142857142855,1.1482142857142856,1555.0,2.7767857142857144,33.22,-117.22,1.75
4.412,8.0,5.548330404217926,0.9824253075571178,1758.0,3.0896309314586996,38.35,-121.94,1.401
2.5795,27.0,4.274611398963731,1.1476683937823835,1359.0,3.5207253886010363,33.75,-118.29,1.924
4.0385,52.0,5.053619302949062,1.0750670241286864,764.0,2.0482573726541555,34.17,-118.04,2.657
3.5255,21.0,5.694581280788177,1.0492610837438423,2174.0,2.6773399014778323,34.0,-117.04,1.321
3.2305,35.0,5.2272727272727275,0.9393939393939394,730.0,2.765151515151515,34.08,-117.34,0.937
6.8553,33.0,6.760695187165775,1.0561497326203209,2021.0,2.7018716577540105,33.81,-118.37,4.822
4.0,30.0,3.6875,0.875,400.0,3.5714285714285716,34.28,-119.16,2.192
8.6718,32.0,7.073943661971831,0.9929577464788732,1400.0,2.464788732394366,33.99,-118.37,4.391
3.7838,36.0,4.708920187793427,1.0633802816901408,807.0,1.8943661971830985,33.74,-118.17,5.00001
4.0536,26.0,3.7,0.9454545454545454,807.0,2.4454545454545453,33.88,-118.3,2.536
2.754,21.0,2.642540620384047,1.0029542097488922,2300.0,3.397341211225997,34.2,-118.59,1.798
7.5196,16.0,7.895287958115183,1.031413612565445,1172.0,3.068062827225131,33.58,-117.66,3.156
10.1357,24.0,7.564516129032258,0.9851116625310173,2248.0,2.7890818858560795,33.74,-118.32,5.00001
2.75,35.0,5.304909560723514,1.0645994832041343,1193.0,3.082687338501292,35.33,-119.02,0.658
3.8274,52.0,5.341959334565619,1.055452865064695,1769.0,3.2698706099815156,37.72,-122.44,2.52
2.5978,52.0,2.6491228070175437,0.9824561403508771,392.0,3.43859649122807,34.42,-119.69,2.583
2.8625,21.0,4.958695652173913,1.2108695652173913,1510.0,3.282608695652174,33.82,-117.99,1.896
3.1944,40.0,4.43859649122807,1.043859649122807,397.0,3.482456140350877,34.07,-118.23,1.438
2.3917,30.0,4.763713080168777,1.0590717299578059,1034.0,4.362869198312236,34.09,-117.32,0.786
1.6932,37.0,4.661971830985915,1.1070422535211268,841.0,2.369014084507042,38.54,-121.49,0.784
2.6288,37.0,5.230061349693251,0.9969325153374233,827.0,2.53680981595092,38.52,-121.45,0.712
4.5938,5.0,5.767141009055627,0.9715394566623544,2392.0,3.094437257438551,34.08,-117.19,1.265
2.4322,12.0,5.105125977410947,1.0616854908774978,2992.0,2.5994787141615987,33.96,-116.97,1.121
1.9957,32.0,3.6502890173410405,0.9624277456647399,1789.0,5.170520231213873,33.92,-118.22,0.893
3.0573,38.0,4.757363253856942,0.9943899018232819,1894.0,2.656381486676017,38.07,-122.55,3.508
6.5538,7.0,6.309623430962343,1.0251046025104602,2298.0,3.205020920502092,34.52,-118.22,3.116
3.7388,17.0,5.0026431718061675,0.9832599118942731,3182.0,2.80352422907489,38.35,-121.97,1.22
3.9443,2.0,7.507731958762887,1.1947717231222386,7132.0,2.625920471281296,33.57,-117.16,1.873
5.1473,16.0,6.663690476190476,0.9627976190476191,1990.0,2.9613095238095237,37.66,-120.95,1.884
5.3129,15.0,5.5476190476190474,1.0164835164835164,1559.0,2.8553113553113554,33.05,-117.24,1.692
3.6895,29.0,5.475,0.990909090909091,1142.0,2.5954545454545452,36.32,-119.32,0.877
2.6429,33.0,4.494565217391305,1.0434782608695652,981.0,5.331521739130435,34.25,-118.41,1.431
5.0143,15.0,6.67319587628866,1.0587628865979382,2484.0,2.560824742268041,37.71,-121.94,2.711
4.05,20.0,6.220264317180617,0.9955947136563876,700.0,3.0837004405286343,38.67,-121.22,1.307
4.125,36.0,5.178571428571429,0.8642857142857143,335.0,2.392857142857143,37.66,-122.42,3.276
1.6719,41.0,3.908011869436202,0.9169139465875371,856.0,2.540059347181009,39.13,-121.62,0.641
3.925,12.0,6.089795918367347,1.0353741496598639,2255.0,3.068027210884354,34.52,-117.2,1.185
1.4896,17.0,7.028436018957346,1.3459715639810426,481.0,2.279620853080569,39.55,-121.19,0.833
1.7038,28.0,4.598774885145483,1.0704441041347625,1530.0,2.343032159264931,41.73,-124.22,0.783
5.844,26.0,6.334876543209877,0.9830246913580247,2072.0,3.197530864197531,33.82,-118.04,2.739
6.8742,25.0,5.900479616306955,1.038369304556355,1913.0,2.2937649880095923,37.88,-122.53,4.131
6.256,36.0,6.259067357512953,1.0207253886010363,1115.0,2.88860103626943,33.82,-118.37,3.669
3.2794,7.0,5.546473302570863,1.044166117336849,5146.0,3.3922214897824654,34.46,-117.2,0.925
5.8623,24.0,5.972413793103448,1.0183908045977013,1184.0,2.72183908045977,33.71,-118.02,2.878
5.6206,44.0,4.84375,0.9340277777777778,736.0,2.5555555555555554,37.59,-122.34,3.864
2.7308,45.0,4.312267657992565,1.0185873605947955,1095.0,4.070631970260223,33.8,-118.21,1.39
4.0962,20.0,4.034090909090909,1.0681818181818181,363.0,2.0625,37.29,-121.94,2.141
5.3946,27.0,4.9411764705882355,0.8823529411764706,195.0,2.8676470588235294,39.15,-121.63,0.718
6.0794,32.0,6.337559429477021,1.057052297939778,1628.0,2.5800316957210776,34.16,-118.6,3.385
5.7078,17.0,5.395734597156398,1.014218009478673,1887.0,4.471563981042654,37.28,-121.81,2.17
1.9886,17.0,3.4219269102990033,1.0514950166112957,1251.0,2.0780730897009967,32.75,-117.12,1.192
2.7118,25.0,3.8410041841004183,1.2359832635983263,2723.0,2.2786610878661087,34.2,-118.47,2.817
2.7589,26.0,3.755434782608696,1.0516304347826086,1977.0,5.372282608695652,33.75,-118.0,1.375
2.1667,37.0,3.2721518987341773,1.0569620253164558,2173.0,4.584388185654008,34.02,-118.26,1.177
4.8984,31.0,4.492690058479532,0.9853801169590644,1486.0,2.172514619883041,34.18,-118.49,3.117
4.3702,7.0,7.409893992932862,1.1890459363957597,1355.0,2.393992932862191,39.24,-121.21,2.261
1.9336,38.0,4.246013667425968,1.173120728929385,1768.0,4.027334851936219,34.05,-118.31,1.906
2.4286,23.0,4.14,0.9,171.0,3.42,36.18,-119.63,1.0
1.6319,28.0,2.53232462173315,1.1127922971114168,3199.0,4.400275103163686,34.05,-118.21,1.516
6.1636,28.0,6.380952380952381,0.9821428571428571,363.0,2.1607142857142856,37.76,-122.46,3.677
1.5223,33.0,4.722222222222222,1.0268199233716475,2030.0,3.888888888888889,36.54,-119.38,0.518
4.475,47.0,5.628571428571429,1.0952380952380953,1083.0,3.4380952380952383,37.72,-122.45,2.212
2.7788,45.0,4.210416666666666,1.1,1410.0,2.9375,37.79,-122.2,1.154
8.3209,12.0,7.586151368760064,1.0611916264090178,2089.0,3.363929146537842,37.81,-121.82,4.854
2.4286,32.0,5.029824561403509,1.0789473684210527,1705.0,2.991228070175439,36.77,-119.83,0.681
6.187,18.0,6.62621359223301,1.0072815533980584,1248.0,3.029126213592233,34.18,-118.93,2.879
2.5902,17.0,4.307913669064749,1.1971223021582733,1571.0,2.260431654676259,34.68,-118.16,0.854
2.7543,23.0,3.2066666666666666,1.1577777777777778,1264.0,2.8088888888888888,34.08,-118.31,2.2
13.4196,33.0,8.25531914893617,1.0292553191489362,1111.0,2.9547872340425534,34.15,-118.5,5.00001
4.9167,34.0,5.963675213675214,1.0576923076923077,1276.0,2.7264957264957266,37.55,-122.01,2.563
1.7844,11.0,10.19237012987013,2.5146103896103895,2453.0,1.9910714285714286,33.88,-116.36,0.785
4.7917,36.0,5.1246290801186944,1.0089020771513353,952.0,2.8249258160237387,37.56,-122.31,3.16
3.4205,36.0,5.735384615384615,1.0184615384615385,1052.0,3.236923076923077,35.4,-118.98,0.766
2.5129,19.0,5.186206896551724,1.032183908045977,1469.0,3.3770114942528737,37.38,-120.64,0.846
10.3467,34.0,7.296127562642369,1.1002277904328017,949.0,2.161731207289294,34.07,-118.43,5.00001
4.5,18.0,6.343465045592705,1.0729483282674772,992.0,3.0151975683890577,32.96,-116.95,2.226
4.0132,26.0,5.904109589041096,0.9287671232876712,956.0,2.6191780821917807,38.33,-122.31,1.747
2.2813,41.0,3.842931937172775,0.9947643979057592,565.0,2.9581151832460733,34.02,-118.13,1.92
3.2799,17.0,4.860048820179007,1.1261187957689178,4349.0,3.5386493083807973,34.02,-117.91,1.993
2.8167,52.0,4.145985401459854,1.0170316301703164,1336.0,3.2506082725060828,37.35,-121.88,1.835
1.9375,16.0,5.303664921465969,1.036649214659686,1031.0,2.6989528795811517,39.75,-122.23,0.731
3.3438,31.0,5.40418118466899,1.0313588850174216,1058.0,3.686411149825784,36.59,-119.73,0.926
3.875,27.0,6.285714285714286,0.9924812030075187,303.0,2.2781954887218046,38.14,-121.29,1.274
3.705,33.0,5.191304347826087,0.9956521739130435,839.0,3.6478260869565218,34.27,-118.45,1.858
2.6336,43.0,3.104404567699837,1.0358890701468189,1919.0,3.130505709624796,34.09,-118.25,1.743
3.6389,28.0,6.0,1.0829694323144106,769.0,3.3580786026200875,37.97,-121.17,1.304
6.0145,14.0,6.156748911465892,1.0827285921625545,1858.0,2.6966618287373003,34.23,-118.87,2.871
3.5865,37.0,5.167539267015707,0.9790575916230366,551.0,2.884816753926702,33.94,-117.4,1.12
2.125,37.0,4.596,1.12,1016.0,4.064,33.88,-118.22,1.019
3.1378,13.0,4.135957066189624,1.0590339892665475,2038.0,3.6457960644007157,33.92,-117.95,1.37
2.2813,21.0,5.207272727272727,1.0327272727272727,862.0,3.1345454545454547,39.42,-121.71,0.576
1.2548,22.0,4.410041841004184,1.0,428.0,1.790794979079498,34.57,-117.29,0.683
3.7083,26.0,8.525423728813559,1.1694915254237288,293.0,4.966101694915254,33.92,-116.99,1.475
8.1872,52.0,8.268292682926829,1.032520325203252,1005.0,2.7235772357723578,37.82,-122.23,4.661
5.3363,9.0,6.284931506849315,1.0657534246575342,1142.0,3.128767123287671,38.01,-121.93,1.608
4.3,32.0,5.740112994350283,1.073446327683616,729.0,4.11864406779661,33.92,-118.11,1.513
2.0,17.0,7.289156626506024,1.9156626506024097,416.0,5.0120481927710845,37.31,-120.35,0.875
3.8068,34.0,4.630996309963099,0.9870848708487084,1516.0,2.7970479704797047,34.22,-118.25,2.67
4.7019,35.0,4.991769547325103,0.9094650205761317,790.0,3.251028806584362,37.63,-122.09,1.741
5.0261,33.0,5.640756302521009,0.9789915966386554,1359.0,2.8550420168067228,33.8,-118.04,2.451
4.6607,4.0,5.012295081967213,1.1270491803278688,505.0,2.069672131147541,33.51,-117.69,1.73
2.4526,23.0,4.332453825857519,1.0488126649076517,3257.0,4.296833773087071,33.81,-117.99,1.829
2.8287,28.0,4.714285714285714,0.974025974025974,919.0,2.9837662337662336,36.58,-119.6,0.731
4.069,28.0,5.247349823321555,0.9717314487632509,820.0,2.8975265017667846,32.69,-117.07,1.533
1.9286,35.0,4.480662983425415,1.0856353591160222,1296.0,3.5801104972375692,34.13,-117.31,0.685
4.0893,16.0,4.6104651162790695,1.0959302325581395,625.0,1.816860465116279,34.15,-118.34,4.5
2.99,29.0,5.9125560538116595,1.147982062780269,1188.0,2.663677130044843,34.89,-117.0,0.694
1.875,15.0,5.327102803738318,1.1495327102803738,189.0,1.766355140186916,37.53,-120.81,1.813
2.5652,52.0,4.727987421383648,1.0864779874213837,1582.0,2.4874213836477987,37.86,-122.28,1.577
6.0783,23.0,5.633986928104576,0.8660130718954249,934.0,3.052287581699346,34.27,-118.65,2.292
3.0833,27.0,3.5584,0.9888,1594.0,2.5504,34.02,-118.41,3.155
2.0984,44.0,3.9573560767590616,1.0511727078891258,1374.0,2.929637526652452,34.05,-118.35,1.58
4.0121,19.0,4.951596292481978,1.0597322348094749,2422.0,2.494335736354274,33.71,-118.0,2.797
5.1169,52.0,6.3904,1.016,1295.0,2.072,38.57,-121.45,2.325
7.1267,15.0,6.9327217125382266,1.0642201834862386,1150.0,3.5168195718654434,37.29,-121.76,2.779
2.3462,42.0,3.75,1.0101626016260163,2191.0,4.453252032520325,34.01,-118.18,1.273
5.7833,26.0,6.19811320754717,0.9471698113207547,1443.0,2.7226415094339624,37.31,-121.99,3.396
3.2154,20.0,4.133444338725024,1.0601807802093244,7450.0,1.7721217887725975,34.17,-118.52,2.596
3.5,37.0,4.376569037656904,1.0502092050209204,822.0,3.4393305439330546,37.71,-122.47,2.244
7.723,36.0,6.3438985736925515,1.0253565768621236,1337.0,2.1188589540412046,34.13,-118.16,5.00001
3.2016,37.0,5.899736147757256,0.9815303430079155,974.0,2.569920844327177,39.75,-121.82,0.97
3.3942,32.0,4.515037593984962,1.0357142857142858,1020.0,1.9172932330827068,32.81,-117.25,3.074
10.9601,24.0,8.321808510638299,1.3337765957446808,1730.0,2.300531914893617,33.56,-117.81,5.00001
2.0521,45.0,4.506142506142506,1.0343980343980343,1405.0,3.4520884520884523,37.31,-120.49,0.724
2.7,14.0,4.097744360902255,1.0576441102756893,870.0,2.180451127819549,36.31,-119.34,0.889
2.6635,16.0,4.555555555555555,1.047953216374269,1762.0,2.0608187134502924,38.57,-121.37,1.358
4.2891,24.0,6.082191780821918,1.126027397260274,894.0,2.4493150684931506,38.42,-122.55,2.117
5.3661,10.0,5.762452107279693,1.0191570881226053,1381.0,2.6455938697318007,38.06,-122.15,1.958
2.8462,35.0,3.454761904761905,1.0357142857142858,1888.0,4.495238095238095,33.94,-118.35,1.491
2.3099,13.0,4.5257510729613735,1.0236051502145922,1108.0,2.3776824034334765,37.32,-120.51,0.896
3.2386,43.0,3.942622950819672,1.0368852459016393,658.0,2.69672131147541,34.08,-118.27,1.85
6.1509,20.0,6.492307692307692,1.0307692307692307,1008.0,3.1015384615384614,33.06,-117.29,3.387
3.1071,40.0,4.915354330708661,1.0236220472440944,1275.0,2.5098425196850394,36.67,-121.66,1.931
4.5644,26.0,4.47887323943662,1.0774647887323943,562.0,1.9788732394366197,37.38,-122.07,2.802
4.2259,3.0,6.495501285347044,1.143637532133676,8361.0,2.6866966580976865,38.77,-121.33,1.693
2.375,41.0,5.205078125,1.005859375,1664.0,3.25,32.68,-117.06,1.135
1.9483,16.0,4.21669341894061,0.9839486356340289,1054.0,1.6918138041733548,36.82,-119.72,1.125
1.8224,44.0,3.7506702412868633,1.03485254691689,1419.0,3.804289544235925,34.04,-118.2,1.438
2.7461,17.0,5.4261904761904765,1.0666666666666667,1200.0,2.857142857142857,36.15,-120.38,0.7
2.2375,19.0,4.742105263157895,0.9631578947368421,700.0,3.6842105263157894,36.94,-120.06,0.643
2.5595,18.0,5.44206008583691,1.1072961373390557,1196.0,2.5665236051502145,36.8,-119.86,0.679
3.5812,12.0,4.4271457085828345,1.1307385229540918,2176.0,2.1716566866267466,33.78,-118.15,1.986
3.1047,32.0,4.5,0.9984076433121019,1767.0,2.8136942675159236,38.4,-122.68,1.414
3.2396,33.0,5.46,1.076,825.0,3.3,32.85,-115.57,0.623
2.1766,24.0,3.690883190883191,1.0527065527065527,3243.0,4.619658119658119,36.68,-121.63,1.085
1.8456,32.0,3.456730769230769,1.2067307692307692,894.0,4.298076923076923,32.71,-117.14,1.031
3.274,30.0,4.805646036916396,1.0803474484256244,4196.0,4.5559174809989145,33.89,-118.15,1.483
3.0673,22.0,4.425742574257426,0.9504950495049505,830.0,4.108910891089109,33.75,-116.21,0.682
3.0313,45.0,4.249329758713137,0.8820375335120644,981.0,2.6300268096514747,37.95,-122.33,1.358
5.1545,37.0,4.540372670807454,0.9503105590062112,678.0,2.1055900621118013,34.43,-119.7,4.184
3.375,8.0,3.7098214285714284,1.03125,404.0,1.8035714285714286,37.73,-121.93,3.5
4.4853,23.0,7.060931899641577,1.060931899641577,935.0,3.3512544802867383,37.99,-121.83,1.459
2.1292,23.0,3.538938053097345,1.0460176991150443,2051.0,1.8150442477876105,32.75,-117.13,1.35
2.6218,14.0,4.684076433121019,1.0993630573248407,2191.0,2.7910828025477707,36.31,-119.77,0.691
1.4773,27.0,3.2086553323029365,1.052550231839258,1904.0,2.9428129829984546,34.15,-119.2,1.608
2.334,30.0,5.3652173913043475,1.0608695652173914,1688.0,2.9356521739130437,39.51,-121.52,0.722
3.01,21.0,10.553648068669528,2.2532188841201717,584.0,2.5064377682403434,39.25,-120.06,1.635
2.6442,23.0,4.1342592592592595,1.0324074074074074,1149.0,5.319444444444445,33.75,-117.92,1.563
4.9042,52.0,6.356223175965665,1.0042918454935623,1364.0,2.927038626609442,34.19,-118.3,3.435
4.3427,15.0,6.969843184559711,1.5500603136308806,1722.0,2.077201447527141,34.12,-119.21,3.058
2.0353,32.0,4.706855791962175,1.1914893617021276,1139.0,2.692671394799054,37.96,-122.35,1.136
3.2019,33.0,6.128571428571429,1.019047619047619,580.0,2.761904761904762,36.34,-119.72,1.125
2.9821,32.0,6.576923076923077,1.1153846153846154,138.0,2.6538461538461537,38.02,-121.27,1.55
4.2212,27.0,4.662162162162162,1.0315315315315314,782.0,3.5225225225225225,34.18,-119.2,1.854
4.2733,22.0,5.224764468371467,1.098250336473755,1830.0,2.4629878869448185,37.67,-122.06,1.807
2.0417,24.0,6.979910714285714,1.5044642857142858,1015.0,2.265625,39.08,-122.86,0.788
2.7434,11.0,4.622478386167147,1.138328530259366,1772.0,2.553314121037464,38.36,-121.96,2.188
3.2813,31.0,6.162679425837321,1.0956937799043063,1306.0,3.124401913875598,36.8,-119.69,0.687
6.1085,52.0,6.415041782729805,0.9749303621169917,859.0,2.3927576601671308,37.92,-122.55,5.00001
